{
  "configuration": {
    "default_parameters": {
      "absolute_regularization": 0.01,
      "covariance_mode": 0,
      "gaussians": 1,
      "hierarchical": true,
      "regression_estimator": 0,
      "relative_regularization": 0.01,
      "states": 1,
      "transition_mode": 1
    },
    "multiClass_regression_estimator": 0,
    "multithreading": 0
  },
  "exit_transition": [
    0.1,
    0.1,
    0.1
  ],
  "models": [
    {
      "exitProbabilities": [
        0.10000000149011612
      ],
      "label": "gadoue",
      "parameters": {
        "absolute_regularization": 0.01,
        "covariance_mode": 0,
        "gaussians": 1,
        "hierarchical": true,
        "regression_estimator": 0,
        "relative_regularization": 0.01,
        "states": 1,
        "transition_mode": 1
      },
      "states": [
        {
          "components": [
            {
              "bimodal": false,
              "covariance": [
                1.2388487715003786,
                2.5244044681999407,
                -3.1704724779380817,
                -33.41898448847259,
                -0.29380841174856703,
                -2.118596003673269,
                2.5244044681999407,
                11.013313250836246,
                -12.674613440958044,
                27.205831541903155,
                -27.16396447024227,
                -5.941214423611673,
                -3.1704724779380817,
                -12.674613440958044,
                19.763238357718716,
                -55.55652688827927,
                33.59720475033715,
                8.074203317454048,
                -33.41898448847259,
                27.205831541903155,
                -55.55652688827927,
                24155.624023766046,
                -5413.924112428637,
                1088.3796613979825,
                -0.29380841174856703,
                -27.16396447024227,
                33.59720475033715,
                -5413.924112428637,
                1678.6255017788078,
                -368.7395034843669,
                -2.118596003673269,
                -5.941214423611673,
                8.074203317454048,
                1088.3796613979825,
                -368.7395034843669,
                279.30061298865627
              ],
              "covariance_determinant": 57736151838.04172,
              "covariance_determinant_input": 0,
              "covariance_mode": 0,
              "dimension": 6,
              "dimension_input": 0,
              "inverse_covariance": [
                1.8030099456914825,
                -0.2662364348679221,
                0.11503758264223923,
                0.005914667260977142,
                0.012320791640937405,
                -0.002094502640419111,
                -0.2662364348679219,
                0.4075020717778758,
                0.20810133076077209,
                0.0007547234407055524,
                0.006070141624400512,
                0.005705797180765431,
                0.11503758264223925,
                0.20810133076077214,
                0.2026400709210779,
                0.0008458364164692282,
                0.001708652624931879,
                -0.0015990218186942762,
                0.005914667260977145,
                0.0007547234407055515,
                0.0008458364164692282,
                0.00018194193129407847,
                0.0006132326144010132,
                0.00013707990391808515,
                0.01232079164093742,
                0.006070141624400508,
                0.001708652624931879,
                0.0006132326144010134,
                0.0030322042104369198,
                0.0017867284596050758,
                -0.0020945026404190913,
                0.005705797180765433,
                -0.0015990218186942744,
                0.00013707990391808564,
                0.0017867284596050773,
                0.005556791143048578
              ],
              "inverse_covariance_input": [],
              "mean": [
                0.705832019554717,
                -2.23788595369884,
                -8.601596994059426,
                -23.310059462274776,
                2.819042871679576,
                -5.031005682583365
              ]
            }
          ],
          "label": "",
          "mixture_coeffs": [
            1
          ],
          "parameters": {
            "absolute_regularization": 0.01,
            "covariance_mode": 0,
            "gaussians": 1,
            "relative_regularization": 0.01
          }
        }
      ],
      "transition": [
        1,
        0
      ]
    },
    {
      "exitProbabilities": [
        0.10000000149011612
      ],
      "label": "tempete",
      "parameters": {
        "absolute_regularization": 0.01,
        "covariance_mode": 0,
        "gaussians": 1,
        "hierarchical": true,
        "regression_estimator": 0,
        "relative_regularization": 0.01,
        "states": 1,
        "transition_mode": 1
      },
      "states": [
        {
          "components": [
            {
              "bimodal": false,
              "covariance": [
                6.453964273825113,
                1.41114475053204,
                -0.277624994893545,
                -175.73489484842494,
                -4.339199588992564,
                35.23130898110693,
                1.41114475053204,
                3.4160195372238293,
                -4.177249028303795,
                -28.143691790174778,
                95.51389275400064,
                124.42255601453127,
                -0.277624994893545,
                -4.177249028303795,
                11.563896372401599,
                -21.531941067852653,
                -206.72655999204017,
                -275.64171876832893,
                -175.73489484842494,
                -28.143691790174778,
                -21.531941067852653,
                7234.671003224848,
                760.4500365620053,
                -117.65647421195138,
                -4.339199588992564,
                95.51389275400064,
                -206.72655999204017,
                760.4500365620053,
                4366.662335271669,
                5235.661425304847,
                35.23130898110693,
                124.42255601453127,
                -275.64171876832893,
                -117.65647421195138,
                5235.661425304847,
                7313.664445592392
              ],
              "covariance_determinant": 35960490709.62217,
              "covariance_determinant_input": 0,
              "covariance_mode": 0,
              "dimension": 6,
              "dimension_input": 0,