{
  "configuration": {
    "default_parameters": {
      "absolute_regularization": 0.01,
      "covariance_mode": 0,
      "gaussians": 1,
      "relative_regularization": 0.01
    },
    "multiClass_regression_estimator": 0,
    "multithreading": 2
  },
  "models": [
    {
      "components": [
        {
          "bimodal": false,
          "covariance": [
            43.551571355888626,
            9.858164286430323,
            -21.769439191283087,
            -4.849363482834556,
            -341.9693833127383,
            -189.70277064654007,
            9.858164286430323,
            25.337854908484037,
            4.997159354985207,
            314.157678774967,
            -246.33144384548825,
            385.3656481389629,
            -21.769439191283087,
            4.997159354985207,
            23.093377889449197,
            122.6432055275019,
            134.0024113911803,
            217.1267030040185,
            -4.849363482834556,
            314.157678774967,
            122.6432055275019,
            7159.148993599748,
            -4675.478176855033,
            7022.115250935056,
            -341.9693833127383,
            -246.33144384548825,
            134.0024113911803,
            -4675.478176855033,
            7293.740764340997,
            -2914.1936470493033,
            -189.70277064654007,
            385.3656481389629,
            217.1267030040185,
            7022.115250935056,
            -2914.1936470493033,
            11434.172400814277
          ],
          "covariance_determinant": 51815532837870.6,
          "covariance_determinant_input": 0,
          "covariance_mode": 0,
          "dimension": 6,
          "dimension_input": 0,
          "inverse_covariance": [
            0.20128835092270808,
            -0.1954185366472755,
            0.10832312417846744,
            0.004222441739937383,
            0.006303952129786257,
            0.006882279542550291,
            -0.19541853664727557,
            0.30447741234481274,
            -0.12094889425581282,
            -0.004262882424859749,
            -0.003141361025573681,
            -0.00938987251893157,
            0.10832312417846743,
            -0.12094889425581276,
            0.15905904122902365,
            -0.0022552284371629263,
            -0.0018711962984318496,
            0.0037612014873851123,
            0.004222441739937383,
            -0.004262882424859747,
            -0.0022552284371629263,
            0.0009335382769860594,
            0.0006316108130850765,
            -0.00015578998026042785,
            0.006303952129786258,
            -0.003141361025573679,
            -0.0018711962984318496,
            0.0006316108130850766,
            0.000789534323825852,
            0.000059326417275838036,
            0.006882279542550294,
            -0.009389872518931568,
            0.0037612014873851136,
            -0.0001557899802604279,
            0.00005932641727583804,
            0.000557480521519815
          ],
          "inverse_covariance_input": [],
          "mean": [
            -0.290450174998492,
            -7.260043048560619,
            2.5109824286140503,
            32.36027454265952,
            2.887527869462967,
            -13.15093665549159
          ]
        }
      ],
      "label": "branches",
      "mixture_coeffs": [
        1
      ],
      "parameters": {
        "absolute_regularization": 0.01,
        "covariance_mode": 0,
        "gaussians": 1,
        "relative_regularization": 0.01
      }
    },
    {
      "components": [
        {
          "bimodal": false,
          "covariance": [
            12.753857395988419,
            -0.05477869021304046,
            -12.559211382076965,
            9.074842229592129,
            -142.54323580692537,
            6.207329677702797,
            -0.05477869021304046,
            17.07894461802068,
            30.902527958204743,
            165.5218272727644,
            285.78159394766584,
            -105.89701245422789,
            -12.559211382076965,
            30.902527958204743,
            185.56495144500056,
            -241.72733049216572,
            1431.7958575511093,
            -209.83009480464912,
            9.074842229592129,
            165.5218272727644,
            -241.72733049216572,
            30164.445437044928,
            -29652.991256187488,
            747.0928563239107,
            -142.54323580692537,
            285.78159394766584,
            1431.7958575511093,
            -29652.991256187488,
            57345.31678274991,
            -461.688861526773,
            6.207329677702797,
            -105.89701245422789,
            -209.83009480464912,
            747.0928563239107,
            -461.688861526773,
            5824.4018511408885
          ],
          "covariance_determinant": 40281596599340060,
          "covariance_determinant_input": 0,
          "covariance_mode": 0,
          "dimension": 6,
          "dimension_input": 0,
          "inverse_covariance": [
            0.09404565520023052,
            -0.04038536918666584,
            0.007834257847533223,
            0.0010209162155974546,
            0.000762321971617036,
            -0.0006227871985026635,
            -0.04038536918666583,
            0.18027187850686927,
            -0.015076590926960816,
            -0.0035815449512068397,
            -0.0024498455825889406,
            0.00304273242870211,
            0.007834257847533221,
            -0.015076590926960813,
            0.009491002297531081,
            0.00003196503205039975,
            -0.0001254683171061473,
            0.00004541135530533623,
            0.0010209162155974546,
            -0.0035815449512068397,
            0.000031965032050400016,
            0.00014908334617574486,
            0.00009606217482761834,
            -0.000076562903163481,
            0.0007623219716170361,
            -0.0024498455825889415,
            -0.00012546831710614714,
            0.00009606217482761837,
            0.00008390075786843089,
            -0.000055545902962357166,
            -0.0006227871985026634,
            0.00304273242870211,
            0.00004541135530533608,
            -0.000076562903163481,
            -0.00005554590296235715,
            0.0002347306206885644
          ],
          "inverse_covariance_input": [],
          "mean": [
            -1.2293120225818845,
            0.4968984382773895,
            -3.7260998489864923,
            8.705987366480292,
            -4.288496527239817,
            -52.97299314543195
          ]
        }
      ],
      "label": "gadoue",
      "mixture_coeffs": [
        1
      ],
      "parameters": {
        "absolute_regularization": 0.01,
        "covariance_mode": 0,
        "gaussians": 1,
        "relative_regularization": 0.01
      }
    },
    {
      "components": [
        {
          "bimodal": false,